rank,team,total,nmae,ficr,subs,when,resid,prem_vs_ours
1,연식2,0.67365,0.87964,0.46767,146,17시간 전,0.024560026804209156,0.005391649999999915
2,서울대 노원캠퍼스,0.67234,0.88751,0.45718,101,하루 전,0.0076837772818874606,-0.02249105000000018
3,jason99,0.6717,0.88693,0.45646,158,12시간 전,0.00743442845379938,-0.021929250000000122
4,늙코코,0.67161,0.89004,0.45318,67,32분 전,0.0016307644113063846,-0.032082350000000204
5,J4_208,0.66977,0.87916,0.46037,125,4시간 전,0.017649531222343084,-0.0008475500000001968
6,별하솜,0.66888,0.88787,0.44989,89,4시간 전,0.00010164896828701586,-0.030576650000000205
7,eigenarea,0.66707,0.88541,0.44873,29,9일 전,0.0009378591112236268,-0.02630005000000013
8,GBSNU,0.66703,0.87932,0.45473,23,23일 전,0.011879696416298546,-0.0068411500000000736
9,양재혁,0.66703,0.87959,0.45447,130,17시간 전,0.011400600181098175,-0.007697850000000062
10,정민콘,0.6647,0.87428,0.45512,43,16시간 전,0.01635949280670529,0.004687250000000032
11,doinggyu,0.66429,0.87533,0.45325,103,3시간 전,0.013637451892037078,0.0004967499999997682
12,AI친놈,0.66403,0.87354,0.45451,51,14시간 전,0.016349978784661878,0.005712649999999986
13,채대언,0.66366,0.87413,0.45318,135,17시간 전,0.014541212937372205,0.003078750000000019
14,도은띠니,0.66323,0.87349,0.45297,28,하루 전,0.014850552161550734,0.004283149999999902
15,재원쥐,0.66233,0.88449,0.44017,28,5일 전,-0.0068755907540195005,-0.032826850000000074
16,가헌,0.66227,0.8744,0.45013,105,8시간 전,0.01127211670217182,-0.0005679500000000393
17,이선재,0.66186,0.87422,0.44951,77,하루 전,0.01079818085897205,-0.0007901500000001005
18,기면수,0.6614,0.87792,0.44488,144,8시간 전,0.003165750969189196,-0.013597150000000169
19,wonjunsea,0.66139,0.8779,0.44488,140,17시간 전,0.0031819803199448216,-0.013552950000000119
20,유채원,0.66125,0.87787,0.44464,155,17시간 전,0.0029663243460781863,-0.013726650000000229
21,민성쿤,0.66122,0.87398,0.44846,86,하루 전,0.009942933068039006,-0.001309750000000054
22,kolonist26,0.66115,0.8786,0.44371,101,2일 전,0.0014439530434993686,-0.0162699500000002
23,개개,0.66107,0.87749,0.44466,150,3시간 전,0.0032946820104343133,-0.012866850000000096
24,두바이쫀뜩쿠키,0.66065,0.87467,0.44662,124,9시간 전,0.007543020466971417,-0.004674649999999947
25,준영인데용,0.66038,0.87348,0.44729,140,28분 전,0.009178666836928528,-0.0013747500000001467
26,김경민_,0.6601,0.87345,0.44675,95,3일 전,0.008663010863061982,-0.0018484500000000015
27,ㄱㅎㅅ,0.66006,0.87655,0.44356,113,8시간 전,0.0029574614959466117,-0.01188945000000019
28,코난2,0.65986,0.87611,0.44361,151,15시간 전,0.0033645072125694786,-0.010867050000000211
29,보리동현,0.65983,0.8785,0.44116,135,7시간 전,-0.0010249002027226117,-0.018598950000000003
30,하경민,0.65977,0.87267,0.44688,134,8시간 전,0.00942595554252973,5.350000000015065e-06
31,한다리,0.65971,0.87991,0.43952,68,7시간 전,-0.00380906943099113,-0.02335504999999999
32,wanna_go_home,0.65943,0.87805,0.4408,95,17시간 전,-0.0010197398107219535,-0.017964450000000076
33,지원XD,0.65931,0.87384,0.44477,141,2일 전,0.006366538523328136,-0.00469035000000001
34,theseung,0.65876,0.87164,0.44588,28,25일 전,0.009261767106442165,0.0012816499999999675
35,동글동현,0.65826,0.87726,0.43925,58,하루 전,-0.0019286804558766302,-0.017768550000000216
36,Team-Axis,0.65794,0.87226,0.44362,112,21시간 전,0.006498657233019012,-0.0023485500000001713
37,dnwnfptlvl,0.65738,0.87754,0.43722,4,9일 전,-0.004185891366454697,-0.020417350000000056
38,햄들지않아,0.6573,0.87791,0.43669,87,2시간 전,-0.005016134355432911,-0.021765050000000008
39,COALING,0.65709,0.87258,0.44159,56,6시간 전,0.004208987620929749,-0.0050857500000001665
40,h3g,0.65703,0.87212,0.44194,75,5시간 전,0.004932262688308153,-0.0037191500000001154
41,seren1110,0.65697,0.87851,0.43542,80,7시간 전,-0.006773014878100503,-0.024361050000000162
42,ㅅㅇㅇㅌㄹㅇ,0.65686,0.87213,0.44158,34,11일 전,0.004564148012930369,-0.004101250000000056
43,tangu,0.65683,0.87221,0.44144,29,20시간 전,0.004359230609908005,-0.004418050000000173
44,930geo,0.65668,0.87263,0.44073,102,3일 전,0.0033084142440407693,-0.006056250000000152
45,tjfls,0.65654,0.87143,0.44165,66,3일 전,0.005202175289375721,-0.0024842500000001877
46,wnsgud12,0.65652,0.87144,0.4416,60,4시간 전,0.005144060613997969,-0.002556350000000096
47,루이스켈리,0.65611,0.87152,0.4407,80,28분 전,0.004179143210975678,-0.0036331500000000294
48,jameshui,0.6561,0.87474,0.43745,70,7시간 전,-0.0016837822606731168,-0.013999350000000021
49,ㅍㅅㅍ,0.65604,0.87314,0.43894,87,4일 전,0.0011045657997734715,-0.008973350000000158
50,닉네임2023892,0.65604,0.87314,0.43894,66,10일 전,0.0011045657997734715,-0.008973350000000158
51,트랜스포머.,0.65599,0.87468,0.4373,64,6일 전,-0.0017850942084063348,-0.014016750000000133
52,인공지능 조아용,0.65599,0.87378,0.4382,24,4일 전,-0.00015477342440523012,-0.011127750000000103
53,코코아두유,0.65567,0.87441,0.43693,139,2일 전,-0.0019359979732060384,-0.013790050000000165
54,나종환,0.65565,0.8733,0.43799,47,8일 전,2.473099372879428e-05,-0.010276950000000062
55,asdf98,0.65553,0.87756,0.4335,41,24일 전,-0.007922120717210213,-0.024181550000000107
56,풍혈!,0.65543,0.87726,0.4336,101,4시간 전,-0.0075786804558766185,-0.023418550000000204
57,리하르,0.65537,0.87519,0.43556,162,8시간 전,-0.003938942652673749,-0.016883850000000145
58,Winterx3,0.65529,0.87129,0.43928,31,4일 전,0.0029457807446647832,-0.0045448500000001
59,고기맨,0.65504,0.87106,0.43903,129,2시간 전,0.0028824182783540597,-0.00428655
60,비회원,0.65491,0.87107,0.43874,59,2일 전,0.0025843036029762345,-0.004598650000000093
61,롤로노아김동현,0.65484,0.87103,0.43864,45,하루 전,0.002516762304487441,-0.004610250000000038
62,YEONRI,0.65474,0.87394,0.43553,114,3시간 전,-0.0029546082304499066,-0.014151350000000229
63,Eriks,0.65468,0.87854,0.43082,96,7시간 전,-0.011397358904233768,-0.02902735000000012
64,koeun,0.65466,0.87339,0.43593,1,5시간 전,-0.00210830108467136,-0.012535850000000126
65,참참참,0.65465,0.87457,0.43474,30,10일 전,-0.004255832779250679,-0.016333649999999977
66,냥볶밥,0.65465,0.87393,0.43538,142,5시간 전,-0.003096493555072022,-0.014279250000000077
67,소마,0.65463,0.8762,0.43306,54,4일 전,-0.007258524865830673,-0.02161595000000005
68,kunhail,0.65458,0.87404,0.43513,23,8일 전,-0.003435754984227768,-0.014772350000000156
69,경제어려워,0.65443,0.87848,0.43038,126,18시간 전,-0.011788670851967109,-0.029334750000000187
70,앙상블02,0.65436,0.87463,0.43408,36,12일 전,-0.004964520831517438,-0.01712625000000012
71,qkrdlswo,0.65431,0.87123,0.43739,52,19시간 전,0.001104468796931657,-0.006302250000000009
72,15049738131421,0.6539,0.8754,0.4324,37,5일 전,-0.007269350835607313,-0.020507949999999997
73,잔나비짱,0.65365,0.87046,0.43684,20,7일 전,0.0011792988010215222,-0.0051505500000001425
74,Dorec,0.65361,0.87733,0.42988,149,하루 전,-0.011355483183521142,-0.027293250000000213
75,하면된다,0.65358,0.87622,0.43094,41,5시간 전,-0.009394754216586199,-0.02378015000000011
76,D_Angelico,0.65352,0.87782,0.42922,129,18시간 전,-0.012413102277032906,-0.029036150000000205
77,UiJinim,0.65336,0.87447,0.43225,65,8일 전,-0.006664686025472766,-0.01860265
78,끼끼,0.65329,0.87741,0.42916,71,15시간 전,-0.01214040058654342,-0.02819005000000019
79,pbeomdo,0.65327,0.87559,0.43095,93,5시간 전,-0.008873529667785374,-0.022377850000000032
80,짱씅,0.65298,0.87304,0.43292,78,7일 전,-0.004834287446448593,-0.014772350000000156
81,튀김만두,0.65268,0.86777,0.43759,96,20시간 전,0.004112146477647294,0.0015443499999998056
82,누욱비,0.65231,0.87422,0.4304,56,4일 전,-0.008311819141027965,-0.019900150000000116
83,DIPL,0.6523,0.87238,0.43221,55,18일 전,-0.005008718871514439,-0.014023750000000224
84,이주훈,0.65228,0.87331,0.43125,53,2일 전,-0.006723383681649042,-0.017039050000000167
85,lde22,0.65224,0.87575,0.42873,41,5일 전,-0.011223364473830044,-0.024951450000000153
86,Stay,0.65221,0.87184,0.43257,139,31분 전,-0.0042105264011136345,-0.012470349999999963
87,알아서해라,0.65217,0.87164,0.4327,25,2일 전,-0.00391823289355786,-0.011898350000000057
88,roykim2006,0.65213,0.87259,0.43168,99,2시간 전,-0.005709127054447982,-0.015017850000000055
89,u.jin_h,0.65213,0.87455,0.42971,71,2일 전,-0.009269603428495199,-0.02131945000000024
90,풍,0.65209,0.87312,0.43106,102,한 시간 전,-0.006759204849471012,-0.016809150000000106
91,GPT의근성통계,0.65198,0.87356,0.4304,127,5일 전,-0.0077762505660937675,-0.018441550000000084
92,푹신푹신침대,0.65195,0.87131,0.43258,79,2일 전,-0.003770448606090715,-0.011289050000000134
93,RIS,0.65194,0.87343,0.43046,100,18시간 전,-0.007610759786182475,-0.0180942500000002
94,haun,0.65165,0.87201,0.43129,123,한 시간 전,-0.005628475882536066,-0.014126050000000001
95,억도리,0.6515,0.87635,0.42665,23,9일 전,-0.013790244996497503,-0.028357450000000062
96,dodvdido,0.65129,0.8721,0.43048,110,6시간 전,-0.006511507960936247,-0.015134950000000091
97,25학번입니당,0.65122,0.87483,0.42762,12,4일 전,-0.01158681433907327,-0.024028250000000084
98,seung9,0.65117,0.87229,0.43006,26,16일 전,-0.007085686793114276,-0.015974850000000096
99,진욱,0.65103,0.87352,0.42854,109,5일 전,-0.009603791864582656,-0.02021315000000007
100,BLUEE,0.65096,0.87336,0.42855,85,5일 전,-0.009463957058537975,-0.01984955000000016
